team_id,word1,word2,word3,Notes,Added Time
1,piocheur,affermir,abimer,,01-Oct-2023 10:02:10
1,detectons,averti,immediat,,01-Oct-2023 10:16:20
1,saliver,informatrice,campe,,01-Oct-2023 10:33:13
1,glousser,viseur,hoteliere,,01-Oct-2023 10:44:17
1,enclume,mesurage,rouage,rendez-vous bonus,01-Oct-2023 10:05:52
2,chien,soierie,decence,,01-Oct-2023 10:02:56
2,suggerons,parafiscal,elagage,,01-Oct-2023 10:18:42
2,ecremer,tramer,romantique,,01-Oct-2023 10:34:37
